{
  "ETH": {
    "avg_iv": 73.77616872319943,
    "total_gamma": 9429.89068,
    "options_count": 11427
  }
}