{
  "ETH": {
    "avg_iv": 73.81715990872388,
    "total_gamma": 9429.463380000001,
    "options_count": 11394
  }
}