{
  "ETH": {
    "avg_iv": 75.45272053532882,
    "total_gamma": 15896.55452,
    "options_count": 13898
  }
}