{
  "ETH": {
    "avg_iv": 76.04785017588743,
    "total_gamma": 14780.755140000001,
    "options_count": 12508
  }
}