{
  "ETH": {
    "avg_iv": 73.43962769151582,
    "total_gamma": 9492.23941,
    "options_count": 11657
  }
}