{
  "ETH": {
    "avg_iv": 73.62000954198473,
    "total_gamma": 9449.73735,
    "options_count": 11528
  }
}