{
  "ETH": {
    "avg_iv": 73.39923936035197,
    "total_gamma": 9614.86797,
    "options_count": 11819
  }
}